season,season_start_year,season_end_year,season_week_index,season_chart_slot_index,month_index,month_name,month_number,calendar_year,month_week_slot,grade,grade_points
2024-25,2024,2025,1,8,2,November,11,2024,3,D,0
2024-25,2024,2025,2,9,2,November,11,2024,4,D,0
2024-25,2024,2025,3,10,2,November,11,2024,5,D,0
2024-25,2024,2025,4,11,3,December,12,2024,1,B,2
2024-25,2024,2025,5,12,3,December,12,2024,2,D,0
2024-25,2024,2025,6,13,3,December,12,2024,3,C,1
2024-25,2024,2025,7,14,3,December,12,2024,4,C,1
2024-25,2024,2025,8,16,4,January,1,2025,1,A,3
2024-25,2024,2025,9,17,4,January,1,2025,2,A,3
2024-25,2024,2025,10,18,4,January,1,2025,3,A,3
2024-25,2024,2025,11,19,4,January,1,2025,4,A,3
2024-25,2024,2025,12,21,5,February,2,2025,1,A,3
2024-25,2024,2025,13,22,5,February,2,2025,2,A,3
2024-25,2024,2025,14,23,5,February,2,2025,3,A,3
2024-25,2024,2025,15,24,5,February,2,2025,4,A,3
2024-25,2024,2025,16,26,6,March,3,2025,1,A,3
2024-25,2024,2025,17,27,6,March,3,2025,2,C,1
2024-25,2024,2025,18,28,6,March,3,2025,3,B,2
2024-25,2024,2025,19,29,6,March,3,2025,4,C,1
2024-25,2024,2025,20,30,6,March,3,2025,5,C,1
2024-25,2024,2025,21,31,7,April,4,2025,1,C,1
2024-25,2024,2025,22,32,7,April,4,2025,2,B,2
2024-25,2024,2025,23,33,7,April,4,2025,3,C,1
2024-25,2024,2025,24,34,7,April,4,2025,4,D,0
2024-25,2024,2025,25,36,8,May,5,2025,1,D,0
2024-25,2024,2025,26,37,8,May,5,2025,2,D,0
2023-24,2023,2024,1,6,2,November,11,2023,1,D,0
2023-24,2023,2024,2,7,2,November,11,2023,2,D,0
2023-24,2023,2024,3,8,2,November,11,2023,3,D,0
2023-24,2023,2024,4,9,2,November,11,2023,4,D,0
2023-24,2023,2024,5,11,3,December,12,2023,1,C,1
2023-24,2023,2024,6,12,3,December,12,2023,2,C,1
2023-24,2023,2024,7,13,3,December,12,2023,3,B,2
2023-24,2023,2024,8,14,3,December,12,2023,4,D,0
2023-24,2023,2024,9,15,3,December,12,2023,5,D,0
2023-24,2023,2024,10,16,4,January,1,2024,1,C,1
2023-24,2023,2024,11,17,4,January,1,2024,2,A,3
2023-24,2023,2024,12,18,4,January,1,2024,3,A,3
2023-24,2023,2024,13,19,4,January,1,2024,4,B,2
2023-24,2023,2024,14,21,5,February,2,2024,1,B,2
2023-24,2023,2024,15,22,5,February,2,2024,2,C,1
2023-24,2023,2024,16,23,5,February,2,2024,3,A,3
2023-24,2023,2024,17,24,5,February,2,2024,4,B,2
2023-24,2023,2024,18,26,6,March,3,2024,1,C,1
2023-24,2023,2024,19,27,6,March,3,2024,2,C,1
2023-24,2023,2024,20,28,6,March,3,2024,3,B,2
2023-24,2023,2024,21,29,6,March,3,2024,4,A,3
2023-24,2023,2024,22,30,6,March,3,2024,5,B,2
2023-24,2023,2024,23,31,7,April,4,2024,1,B,2
2023-24,2023,2024,24,32,7,April,4,2024,2,C,1
2023-24,2023,2024,25,33,7,April,4,2024,3,C,1
2023-24,2023,2024,26,34,7,April,4,2024,4,D,0
2023-24,2023,2024,27,36,8,May,5,2024,1,D,0
2023-24,2023,2024,28,37,8,May,5,2024,2,D,0
2023-24,2023,2024,29,38,8,May,5,2024,3,D,0
2023-24,2023,2024,30,39,8,May,5,2024,4,D,0
2022-23,2022,2023,1,8,2,November,11,2022,3,D,0
2022-23,2022,2023,2,9,2,November,11,2022,4,D,0
2022-23,2022,2023,3,11,3,December,12,2022,1,D,0
2022-23,2022,2023,4,12,3,December,12,2022,2,D,0
2022-23,2022,2023,5,13,3,December,12,2022,3,B,2
2022-23,2022,2023,6,14,3,December,12,2022,4,C,1
2022-23,2022,2023,7,16,4,January,1,2023,1,D,0
2022-23,2022,2023,8,17,4,January,1,2023,2,D,0
2022-23,2022,2023,9,18,4,January,1,2023,3,C,1
2022-23,2022,2023,10,19,4,January,1,2023,4,B,2
2022-23,2022,2023,11,20,4,January,1,2023,5,A,3
2022-23,2022,2023,12,21,5,February,2,2023,1,A,3
2022-23,2022,2023,13,22,5,February,2,2023,2,B,2
2022-23,2022,2023,14,23,5,February,2,2023,3,C,1
2022-23,2022,2023,15,24,5,February,2,2023,4,A,3
2022-23,2022,2023,16,26,6,March,3,2023,1,A,3
2022-23,2022,2023,17,27,6,March,3,2023,2,A,3
2022-23,2022,2023,18,28,6,March,3,2023,3,B,2
2022-23,2022,2023,19,29,6,March,3,2023,4,B,2
2022-23,2022,2023,20,31,7,April,4,2023,1,C,1
2022-23,2022,2023,21,32,7,April,4,2023,2,C,1
2022-23,2022,2023,22,33,7,April,4,2023,3,C,1
2022-23,2022,2023,23,34,7,April,4,2023,4,D,0
2022-23,2022,2023,24,35,7,April,4,2023,5,D,0
2022-23,2022,2023,25,36,8,May,5,2023,1,D,0
2022-23,2022,2023,26,37,8,May,5,2023,2,D,0
2022-23,2022,2023,27,38,8,May,5,2023,3,D,0
2022-23,2022,2023,28,39,8,May,5,2023,4,D,0
2021-22,2021,2022,1,6,2,November,11,2021,1,D,0
2021-22,2021,2022,2,7,2,November,11,2021,2,D,0
2021-22,2021,2022,3,8,2,November,11,2021,3,D,0
2021-22,2021,2022,4,9,2,November,11,2021,4,D,0
2021-22,2021,2022,5,11,3,December,12,2021,1,D,0
2021-22,2021,2022,6,12,3,December,12,2021,2,D,0
2021-22,2021,2022,7,13,3,December,12,2021,3,D,0
2021-22,2021,2022,8,14,3,December,12,2021,4,D,0
2021-22,2021,2022,9,16,4,January,1,2022,1,D,0
2021-22,2021,2022,10,17,4,January,1,2022,2,C,1
2021-22,2021,2022,11,18,4,January,1,2022,3,C,1
2021-22,2021,2022,12,19,4,January,1,2022,4,A,3
2021-22,2021,2022,13,20,4,January,1,2022,5,A,3
2021-22,2021,2022,14,21,5,February,2,2022,1,A,3
2021-22,2021,2022,15,22,5,February,2,2022,2,B,2
2021-22,2021,2022,16,23,5,February,2,2022,3,C,1
2021-22,2021,2022,17,24,5,February,2,2022,4,A,3
2021-22,2021,2022,18,26,6,March,3,2022,1,C,1
2021-22,2021,2022,19,27,6,March,3,2022,2,A,3
2021-22,2021,2022,20,28,6,March,3,2022,3,B,2
2021-22,2021,2022,21,29,6,March,3,2022,4,C,1
2021-22,2021,2022,22,31,7,April,4,2022,1,C,1
2021-22,2021,2022,23,32,7,April,4,2022,2,D,0
2021-22,2021,2022,24,33,7,April,4,2022,3,C,1
2021-22,2021,2022,25,34,7,April,4,2022,4,D,0
2021-22,2021,2022,26,36,8,May,5,2022,1,D,0
2021-22,2021,2022,27,37,8,May,5,2022,2,D,0
2021-22,2021,2022,28,38,8,May,5,2022,3,D,0
2021-22,2021,2022,29,39,8,May,5,2022,4,D,0
2021-22,2021,2022,30,40,8,May,5,2022,5,D,0
2020-21,2020,2021,1,8,2,November,11,2020,3,D,0
2020-21,2020,2021,2,9,2,November,11,2020,4,D,0
2020-21,2020,2021,3,10,2,November,11,2020,5,D,0
2020-21,2020,2021,4,11,3,December,12,2020,1,D,0
2020-21,2020,2021,5,12,3,December,12,2020,2,D,0
2020-21,2020,2021,6,13,3,December,12,2020,3,D,0
2020-21,2020,2021,7,14,3,December,12,2020,4,D,0
2020-21,2020,2021,8,16,4,January,1,2021,1,D,0
2020-21,2020,2021,9,17,4,January,1,2021,2,C,1
2020-21,2020,2021,10,18,4,January,1,2021,3,B,2
2020-21,2020,2021,11,19,4,January,1,2021,4,A,3
2020-21,2020,2021,12,20,4,January,1,2021,5,A,3
2020-21,2020,2021,13,21,5,February,2,2021,1,A,3
2020-21,2020,2021,14,22,5,February,2,2021,2,A,3
2020-21,2020,2021,15,23,5,February,2,2021,3,A,3
2020-21,2020,2021,16,24,5,February,2,2021,4,B,2
2020-21,2020,2021,17,26,6,March,3,2021,1,B,2
2020-21,2020,2021,18,27,6,March,3,2021,2,B,2
2020-21,2020,2021,19,28,6,March,3,2021,3,B,2
2020-21,2020,2021,20,29,6,March,3,2021,4,C,1
2020-21,2020,2021,21,31,7,April,4,2021,1,C,1
2020-21,2020,2021,22,32,7,April,4,2021,2,D,0
2020-21,2020,2021,23,33,7,April,4,2021,3,D,0
2020-21,2020,2021,24,34,7,April,4,2021,4,D,0
2020-21,2020,2021,25,36,8,May,5,2021,1,D,0
2020-21,2020,2021,26,37,8,May,5,2021,2,D,0
2020-21,2020,2021,27,38,8,May,5,2021,3,D,0
2019-20,2019,2020,1,6,2,November,11,2019,1,D,0
2019-20,2019,2020,2,7,2,November,11,2019,2,D,0
2019-20,2019,2020,3,8,2,November,11,2019,3,D,0
2019-20,2019,2020,4,9,2,November,11,2019,4,D,0
2019-20,2019,2020,5,10,2,November,11,2019,5,D,0
2019-20,2019,2020,6,11,3,December,12,2019,1,D,0
2019-20,2019,2020,7,12,3,December,12,2019,2,C,1
2019-20,2019,2020,8,13,3,December,12,2019,3,D,0
2019-20,2019,2020,9,14,3,December,12,2019,4,C,1
2019-20,2019,2020,10,16,4,January,1,2020,1,B,2
2019-20,2019,2020,11,17,4,January,1,2020,2,R,0
2019-20,2019,2020,12,18,4,January,1,2020,3,B,2
2019-20,2019,2020,13,19,4,January,1,2020,4,B,2
2019-20,2019,2020,14,21,5,February,2,2020,1,A,3
2019-20,2019,2020,15,22,5,February,2,2020,2,A,3
2019-20,2019,2020,16,23,5,February,2,2020,3,A,3
2019-20,2019,2020,17,24,5,February,2,2020,4,A,3
2019-20,2019,2020,18,25,5,February,2,2020,5,A,3
2019-20,2019,2020,19,26,6,March,3,2020,1,B,2
2019-20,2019,2020,20,27,6,March,3,2020,2,C,1
2019-20,2019,2020,21,28,6,March,3,2020,3,C,1
2019-20,2019,2020,22,29,6,March,3,2020,4,C,1
2019-20,2019,2020,23,31,7,April,4,2020,1,C,1
2019-20,2019,2020,24,32,7,April,4,2020,2,C,1
2019-20,2019,2020,25,33,7,April,4,2020,3,C,1
2019-20,2019,2020,26,34,7,April,4,2020,4,D,0
2019-20,2019,2020,27,36,8,May,5,2020,1,D,0
2019-20,2019,2020,28,37,8,May,5,2020,2,D,0
2019-20,2019,2020,29,38,8,May,5,2020,3,D,0
2019-20,2019,2020,30,39,8,May,5,2020,4,D,0
2018-19,2018,2019,1,3,1,October,10,2018,3,D,0
2018-19,2018,2019,2,4,1,October,10,2018,4,D,0
2018-19,2018,2019,3,8,2,November,11,2018,3,B,2
2018-19,2018,2019,4,9,2,November,11,2018,4,B,2
2018-19,2018,2019,5,11,3,December,12,2018,1,C,1
2018-19,2018,2019,6,12,3,December,12,2018,2,B,2
2018-19,2018,2019,7,13,3,December,12,2018,3,B,2
2018-19,2018,2019,8,14,3,December,12,2018,4,C,1
2018-19,2018,2019,9,15,3,December,12,2018,5,C,1
2018-19,2018,2019,10,16,4,January,1,2019,1,B,2
2018-19,2018,2019,11,17,4,January,1,2019,2,A,3
2018-19,2018,2019,12,18,4,January,1,2019,3,A,3
2018-19,2018,2019,13,19,4,January,1,2019,4,A,3
2018-19,2018,2019,14,21,5,February,2,2019,1,A,3
2018-19,2018,2019,15,22,5,February,2,2019,2,C,1
2018-19,2018,2019,16,23,5,February,2,2019,3,A,3
2018-19,2018,2019,17,24,5,February,2,2019,4,A,3
2018-19,2018,2019,18,26,6,March,3,2019,1,B,2
2018-19,2018,2019,19,27,6,March,3,2019,2,A,3
2018-19,2018,2019,20,28,6,March,3,2019,3,C,1
2018-19,2018,2019,21,29,6,March,3,2019,4,A,3
2018-19,2018,2019,22,30,6,March,3,2019,5,B,2
2018-19,2018,2019,23,31,7,April,4,2019,1,B,2
2018-19,2018,2019,24,32,7,April,4,2019,2,C,1
2018-19,2018,2019,25,33,7,April,4,2019,3,R,0
2018-19,2018,2019,26,34,7,April,4,2019,4,R,0
2018-19,2018,2019,27,36,8,May,5,2019,1,D,0
2018-19,2018,2019,28,37,8,May,5,2019,2,D,0
2018-19,2018,2019,29,38,8,May,5,2019,3,D,0
2018-19,2018,2019,30,39,8,May,5,2019,4,D,0
2018-19,2018,2019,31,40,8,May,5,2019,5,D,0
2017-18,2017,2018,1,8,2,November,11,2017,3,D,0
2017-18,2017,2018,2,9,2,November,11,2017,4,D,0
2017-18,2017,2018,3,10,2,November,11,2017,5,D,0
2017-18,2017,2018,4,11,3,December,12,2017,1,D,0
2017-18,2017,2018,5,12,3,December,12,2017,2,D,0
2017-18,2017,2018,6,13,3,December,12,2017,3,A,3
2017-18,2017,2018,7,14,3,December,12,2017,4,A,3
2017-18,2017,2018,8,15,3,December,12,2017,5,B,2
2017-18,2017,2018,9,16,4,January,1,2018,1,A,3
2017-18,2017,2018,10,17,4,January,1,2018,2,C,1
2017-18,2017,2018,11,18,4,January,1,2018,3,C,1
2017-18,2017,2018,12,19,4,January,1,2018,4,C,1
2017-18,2017,2018,13,21,5,February,2,2018,1,B,2
2017-18,2017,2018,14,22,5,February,2,2018,2,A,3
2017-18,2017,2018,15,23,5,February,2,2018,3,B,2
2017-18,2017,2018,16,24,5,February,2,2018,4,C,1
2017-18,2017,2018,17,26,6,March,3,2018,1,B,2
2017-18,2017,2018,18,27,6,March,3,2018,2,A,3
2017-18,2017,2018,19,28,6,March,3,2018,3,A,3
2017-18,2017,2018,20,29,6,March,3,2018,4,A,3
2017-18,2017,2018,21,30,6,March,3,2018,5,B,2
2017-18,2017,2018,22,31,7,April,4,2018,1,B,2
2017-18,2017,2018,23,32,7,April,4,2018,2,B,2
2017-18,2017,2018,24,33,7,April,4,2018,3,C,1
2017-18,2017,2018,25,34,7,April,4,2018,4,D,0
2017-18,2017,2018,26,36,8,May,5,2018,1,D,0
2017-18,2017,2018,27,37,8,May,5,2018,2,D,0
2017-18,2017,2018,28,38,8,May,5,2018,3,D,0
2017-18,2017,2018,29,39,8,May,5,2018,4,D,0
2016-17,2016,2017,1,3,1,October,10,2016,3,D,0
2016-17,2016,2017,2,4,1,October,10,2016,4,D,0
2016-17,2016,2017,3,7,2,November,11,2016,2,D,0
2016-17,2016,2017,4,8,2,November,11,2016,3,D,0
2016-17,2016,2017,5,9,2,November,11,2016,4,D,0
2016-17,2016,2017,6,10,2,November,11,2016,5,D,0
2016-17,2016,2017,7,11,3,December,12,2016,1,D,0
2016-17,2016,2017,8,12,3,December,12,2016,2,C,1
2016-17,2016,2017,9,13,3,December,12,2016,3,B,2
2016-17,2016,2017,10,14,3,December,12,2016,4,C,1
2016-17,2016,2017,11,16,4,January,1,2017,1,A,3
2016-17,2016,2017,12,17,4,January,1,2017,2,B,2
2016-17,2016,2017,13,18,4,January,1,2017,3,C,1
2016-17,2016,2017,14,19,4,January,1,2017,4,B,2
2016-17,2016,2017,15,20,4,January,1,2017,5,A,3
2016-17,2016,2017,16,21,5,February,2,2017,1,A,3
2016-17,2016,2017,17,22,5,February,2,2017,2,A,3
2016-17,2016,2017,18,23,5,February,2,2017,3,B,2
2016-17,2016,2017,19,24,5,February,2,2017,4,C,1
2016-17,2016,2017,20,26,6,March,3,2017,1,D,0
2016-17,2016,2017,21,27,6,March,3,2017,2,C,1
2016-17,2016,2017,22,28,6,March,3,2017,3,A,3
2016-17,2016,2017,23,29,6,March,3,2017,4,A,3
2016-17,2016,2017,24,31,7,April,4,2017,1,B,2
2016-17,2016,2017,25,32,7,April,4,2017,2,A,3
2016-17,2016,2017,26,33,7,April,4,2017,3,B,2
2016-17,2016,2017,27,34,7,April,4,2017,4,C,1
2016-17,2016,2017,28,35,7,April,4,2017,5,D,0
2016-17,2016,2017,29,36,8,May,5,2017,1,D,0
2016-17,2016,2017,30,37,8,May,5,2017,2,D,0
2016-17,2016,2017,31,38,8,May,5,2017,3,D,0
2016-17,2016,2017,32,39,8,May,5,2017,4,D,0
2015-16,2015,2016,1,4,1,October,10,2015,4,D,0
2015-16,2015,2016,2,7,2,November,11,2015,2,D,0
2015-16,2015,2016,3,8,2,November,11,2015,3,D,0
2015-16,2015,2016,4,9,2,November,11,2015,4,D,0
2015-16,2015,2016,5,11,3,December,12,2015,1,D,0
2015-16,2015,2016,6,12,3,December,12,2015,2,D,0
2015-16,2015,2016,7,13,3,December,12,2015,3,D,0
2015-16,2015,2016,8,14,3,December,12,2015,4,D,0
2015-16,2015,2016,9,16,4,January,1,2016,1,D,0
2015-16,2015,2016,10,17,4,January,1,2016,2,C,1
2015-16,2015,2016,11,18,4,January,1,2016,3,B,2
2015-16,2015,2016,12,19,4,January,1,2016,4,B,2
2015-16,2015,2016,13,20,4,January,1,2016,5,B,2
2015-16,2015,2016,14,21,5,February,2,2016,1,C,1
2015-16,2015,2016,15,22,5,February,2,2016,2,B,2
2015-16,2015,2016,16,23,5,February,2,2016,3,B,2
2015-16,2015,2016,17,24,5,February,2,2016,4,B,2
2015-16,2015,2016,18,26,6,March,3,2016,1,B,2
2015-16,2015,2016,19,27,6,March,3,2016,2,C,1
2015-16,2015,2016,20,28,6,March,3,2016,3,C,1
2015-16,2015,2016,21,29,6,March,3,2016,4,C,1
2015-16,2015,2016,22,31,7,April,4,2016,1,D,0
2015-16,2015,2016,23,32,7,April,4,2016,2,C,1
2015-16,2015,2016,24,33,7,April,4,2016,3,D,0
2015-16,2015,2016,25,34,7,April,4,2016,4,D,0
2015-16,2015,2016,26,36,8,May,5,2016,1,D,0
2015-16,2015,2016,27,37,8,May,5,2016,2,D,0
2015-16,2015,2016,28,38,8,May,5,2016,3,D,0
2014-15,2014,2015,1,7,2,November,11,2014,2,D,0
2014-15,2014,2015,2,8,2,November,11,2014,3,D,0
2014-15,2014,2015,3,9,2,November,11,2014,4,D,0
2014-15,2014,2015,4,10,2,November,11,2014,5,D,0
2014-15,2014,2015,5,11,3,December,12,2014,1,D,0
2014-15,2014,2015,6,12,3,December,12,2014,2,B,2
2014-15,2014,2015,7,13,3,December,12,2014,3,B,2
2014-15,2014,2015,8,14,3,December,12,2014,4,C,1
2014-15,2014,2015,9,16,4,January,1,2015,1,C,1
2014-15,2014,2015,10,17,4,January,1,2015,2,A,3
2014-15,2014,2015,11,18,4,January,1,2015,3,A,3
2014-15,2014,2015,12,19,4,January,1,2015,4,A,3
2014-15,2014,2015,13,21,5,February,2,2015,1,A,3
2014-15,2014,2015,14,22,5,February,2,2015,2,A,3
2014-15,2014,2015,15,23,5,February,2,2015,3,A,3
2014-15,2014,2015,16,24,5,February,2,2015,4,A,3
2014-15,2014,2015,17,26,6,March,3,2015,1,A,3
2014-15,2014,2015,18,27,6,March,3,2015,2,A,3
2014-15,2014,2015,19,28,6,March,3,2015,3,B,2
2014-15,2014,2015,20,29,6,March,3,2015,4,B,2
2014-15,2014,2015,21,30,6,March,3,2015,5,A,3
2014-15,2014,2015,22,31,7,April,4,2015,1,A,3
2014-15,2014,2015,23,32,7,April,4,2015,2,B,2
2014-15,2014,2015,24,33,7,April,4,2015,3,B,2
2014-15,2014,2015,25,34,7,April,4,2015,4,C,1
2014-15,2014,2015,26,36,8,May,5,2015,1,C,1
2014-15,2014,2015,27,37,8,May,5,2015,2,D,0
2014-15,2014,2015,28,38,8,May,5,2015,3,D,0
2014-15,2014,2015,29,39,8,May,5,2015,4,D,0
2013-14,2013,2014,1,6,2,November,11,2013,1,D,0
2013-14,2013,2014,2,7,2,November,11,2013,2,D,0
2013-14,2013,2014,3,8,2,November,11,2013,3,D,0
2013-14,2013,2014,4,9,2,November,11,2013,4,D,0
2013-14,2013,2014,5,10,2,November,11,2013,5,D,0
2013-14,2013,2014,6,11,3,December,12,2013,1,D,0
2013-14,2013,2014,7,12,3,December,12,2013,2,B,2
2013-14,2013,2014,8,13,3,December,12,2013,3,C,1
2013-14,2013,2014,9,14,3,December,12,2013,4,C,1
2013-14,2013,2014,10,16,4,January,1,2014,1,B,2
2013-14,2013,2014,11,17,4,January,1,2014,2,D,0
2013-14,2013,2014,12,18,4,January,1,2014,3,C,1
2013-14,2013,2014,13,19,4,January,1,2014,4,B,2
2013-14,2013,2014,14,21,5,February,2,2014,1,A,3
2013-14,2013,2014,15,22,5,February,2,2014,2,A,3
2013-14,2013,2014,16,23,5,February,2,2014,3,A,3
2013-14,2013,2014,17,24,5,February,2,2014,4,B,2
2013-14,2013,2014,18,26,6,March,3,2014,1,A,3
2013-14,2013,2014,19,27,6,March,3,2014,2,A,3
2013-14,2013,2014,20,28,6,March,3,2014,3,A,3
2013-14,2013,2014,21,29,6,March,3,2014,4,A,3
2013-14,2013,2014,22,30,6,March,3,2014,5,B,2
2013-14,2013,2014,23,31,7,April,4,2014,1,B,2
2013-14,2013,2014,24,32,7,April,4,2014,2,B,2
2013-14,2013,2014,25,33,7,April,4,2014,3,B,2
2013-14,2013,2014,26,34,7,April,4,2014,4,C,1
2013-14,2013,2014,27,36,8,May,5,2014,1,D,0
2013-14,2013,2014,28,37,8,May,5,2014,2,D,0
2013-14,2013,2014,29,38,8,May,5,2014,3,D,0
2012-13,2012,2013,1,7,2,November,11,2012,2,D,0
2012-13,2012,2013,2,8,2,November,11,2012,3,D,0
2012-13,2012,2013,3,9,2,November,11,2012,4,D,0
2012-13,2012,2013,4,11,3,December,12,2012,1,D,0
2012-13,2012,2013,5,12,3,December,12,2012,2,D,0
2012-13,2012,2013,6,13,3,December,12,2012,3,D,0
2012-13,2012,2013,7,14,3,December,12,2012,4,B,2
2012-13,2012,2013,8,15,3,December,12,2012,5,A,3
2012-13,2012,2013,9,16,4,January,1,2013,1,A,3
2012-13,2012,2013,10,17,4,January,1,2013,2,C,1
2012-13,2012,2013,11,18,4,January,1,2013,3,B,2
2012-13,2012,2013,12,19,4,January,1,2013,4,B,2
2012-13,2012,2013,13,21,5,February,2,2013,1,C,1
2012-13,2012,2013,14,22,5,February,2,2013,2,A,3
2012-13,2012,2013,15,23,5,February,2,2013,3,B,2
2012-13,2012,2013,16,24,5,February,2,2013,4,A,3
2012-13,2012,2013,17,26,6,March,3,2013,1,A,3
2012-13,2012,2013,18,27,6,March,3,2013,2,B,2
2012-13,2012,2013,19,28,6,March,3,2013,3,B,2
2012-13,2012,2013,20,29,6,March,3,2013,4,A,3
2012-13,2012,2013,21,30,6,March,3,2013,5,B,2
2012-13,2012,2013,22,31,7,April,4,2013,1,A,3
2012-13,2012,2013,23,32,7,April,4,2013,2,B,2
2012-13,2012,2013,24,33,7,April,4,2013,3,C,1
2012-13,2012,2013,25,34,7,April,4,2013,4,C,1
2012-13,2012,2013,26,36,8,May,5,2013,1,D,0
2012-13,2012,2013,27,37,8,May,5,2013,2,D,0
2012-13,2012,2013,28,38,8,May,5,2013,3,D,0
2012-13,2012,2013,29,39,8,May,5,2013,4,D,0
2011-12,2011,2012,1,5,1,October,10,2011,5,D,0
2011-12,2011,2012,2,6,2,November,11,2011,1,D,0
2011-12,2011,2012,3,7,2,November,11,2011,2,D,0
2011-12,2011,2012,4,8,2,November,11,2011,3,D,0
2011-12,2011,2012,5,9,2,November,11,2011,4,D,0
2011-12,2011,2012,6,11,3,December,12,2011,1,D,0
2011-12,2011,2012,7,12,3,December,12,2011,2,D,0
2011-12,2011,2012,8,13,3,December,12,2011,3,D,0
2011-12,2011,2012,9,14,3,December,12,2011,4,D,0
2011-12,2011,2012,10,16,4,January,1,2012,1,D,0
2011-12,2011,2012,11,17,4,January,1,2012,2,C,1
2011-12,2011,2012,12,18,4,January,1,2012,3,B,2
2011-12,2011,2012,13,19,4,January,1,2012,4,B,2
2011-12,2011,2012,14,20,4,January,1,2012,5,A,3
2011-12,2011,2012,15,21,5,February,2,2012,1,B,2
2011-12,2011,2012,16,22,5,February,2,2012,2,A,3
2011-12,2011,2012,17,23,5,February,2,2012,3,A,3
2011-12,2011,2012,18,24,5,February,2,2012,4,A,3
2011-12,2011,2012,19,26,6,March,3,2012,1,A,3
2011-12,2011,2012,20,27,6,March,3,2012,2,B,2
2011-12,2011,2012,21,28,6,March,3,2012,3,C,1
2011-12,2011,2012,22,29,6,March,3,2012,4,D,0
2011-12,2011,2012,23,30,6,March,3,2012,5,D,0
2011-12,2011,2012,24,31,7,April,4,2012,1,D,0
2011-12,2011,2012,25,32,7,April,4,2012,2,D,0
2010-11,2010,2011,1,4,1,October,10,2010,4,D,0
2010-11,2010,2011,2,5,1,October,10,2010,5,D,0
2010-11,2010,2011,3,6,2,November,11,2010,1,D,0
2010-11,2010,2011,4,7,2,November,11,2010,2,D,0
2010-11,2010,2011,5,8,2,November,11,2010,3,D,0
2010-11,2010,2011,6,9,2,November,11,2010,4,D,0
2010-11,2010,2011,7,11,3,December,12,2010,1,D,0
2010-11,2010,2011,8,12,3,December,12,2010,2,C,1
2010-11,2010,2011,9,13,3,December,12,2010,3,B,2
2010-11,2010,2011,10,14,3,December,12,2010,4,B,2
2010-11,2010,2011,11,16,4,January,1,2011,1,C,1
2010-11,2010,2011,12,17,4,January,1,2011,2,B,2
2010-11,2010,2011,13,18,4,January,1,2011,3,A,3
2010-11,2010,2011,14,19,4,January,1,2011,4,A,3
2010-11,2010,2011,15,20,4,January,1,2011,5,A,3
2010-11,2010,2011,16,21,5,February,2,2011,1,A,3
2010-11,2010,2011,17,22,5,February,2,2011,2,A,3
2010-11,2010,2011,18,23,5,February,2,2011,3,B,2
2010-11,2010,2011,19,24,5,February,2,2011,4,A,3
2010-11,2010,2011,20,26,6,March,3,2011,1,A,3
2010-11,2010,2011,21,27,6,March,3,2011,2,A,3
2010-11,2010,2011,22,28,6,March,3,2011,3,B,2
2010-11,2010,2011,23,29,6,March,3,2011,4,A,3
2010-11,2010,2011,24,31,7,April,4,2011,1,A,3
2010-11,2010,2011,25,32,7,April,4,2011,2,B,2
2010-11,2010,2011,26,33,7,April,4,2011,3,C,1
2010-11,2010,2011,27,34,7,April,4,2011,4,C,1
2010-11,2010,2011,28,36,8,May,5,2011,1,D,0
2010-11,2010,2011,29,37,8,May,5,2011,2,D,0
2009-10,2009,2010,1,4,1,October,10,2009,4,D,0
2009-10,2009,2010,2,5,1,October,10,2009,5,D,0
2009-10,2009,2010,3,6,2,November,11,2009,1,D,0
2009-10,2009,2010,4,7,2,November,11,2009,2,D,0
2009-10,2009,2010,5,8,2,November,11,2009,3,D,0
2009-10,2009,2010,6,9,2,November,11,2009,4,D,0
2009-10,2009,2010,7,11,3,December,12,2009,1,D,0
2009-10,2009,2010,8,12,3,December,12,2009,2,B,2
2009-10,2009,2010,9,13,3,December,12,2009,3,B,2
2009-10,2009,2010,10,14,3,December,12,2009,4,C,1
2009-10,2009,2010,11,16,4,January,1,2010,1,A,3
2009-10,2009,2010,12,17,4,January,1,2010,2,A,3
2009-10,2009,2010,13,18,4,January,1,2010,3,A,3
2009-10,2009,2010,14,19,4,January,1,2010,4,B,2
2009-10,2009,2010,15,20,4,January,1,2010,5,B,2
2009-10,2009,2010,16,21,5,February,2,2010,1,B,2
2009-10,2009,2010,17,22,5,February,2,2010,2,B,2
2009-10,2009,2010,18,23,5,February,2,2010,3,B,2
2009-10,2009,2010,19,24,5,February,2,2010,4,A,3
2009-10,2009,2010,20,26,6,March,3,2010,1,B,2
2009-10,2009,2010,21,27,6,March,3,2010,2,B,2
2009-10,2009,2010,22,28,6,March,3,2010,3,C,1
2009-10,2009,2010,23,29,6,March,3,2010,4,C,1
2009-10,2009,2010,24,31,7,April,4,2010,1,C,1
2009-10,2009,2010,25,32,7,April,4,2010,2,D,0
2009-10,2009,2010,26,33,7,April,4,2010,3,D,0
2009-10,2009,2010,27,34,7,April,4,2010,4,D,0
2009-10,2009,2010,28,36,8,May,5,2010,1,D,0
2008-09,2008,2009,1,6,2,November,11,2008,1,D,0
2008-09,2008,2009,2,7,2,November,11,2008,2,D,0
2008-09,2008,2009,3,8,2,November,11,2008,3,D,0
2008-09,2008,2009,4,9,2,November,11,2008,4,B,2
2008-09,2008,2009,5,10,2,November,11,2008,5,C,1
2008-09,2008,2009,6,11,3,December,12,2008,1,C,1
2008-09,2008,2009,7,12,3,December,12,2008,2,C,1
2008-09,2008,2009,8,13,3,December,12,2008,3,A,3
2008-09,2008,2009,9,14,3,December,12,2008,4,C,1
2008-09,2008,2009,10,16,4,January,1,2009,1,C,1
2008-09,2008,2009,11,17,4,January,1,2009,2,A,3
2008-09,2008,2009,12,18,4,January,1,2009,3,A,3
2008-09,2008,2009,13,19,4,January,1,2009,4,A,3
2008-09,2008,2009,14,20,4,January,1,2009,5,A,3
2008-09,2008,2009,15,21,5,February,2,2009,1,B,2
2008-09,2008,2009,16,22,5,February,2,2009,2,C,1
2008-09,2008,2009,17,23,5,February,2,2009,3,A,3
2008-09,2008,2009,18,24,5,February,2,2009,4,C,1
2008-09,2008,2009,19,26,6,March,3,2009,1,B,2
2008-09,2008,2009,20,27,6,March,3,2009,2,B,2
2008-09,2008,2009,21,28,6,March,3,2009,3,B,2
2008-09,2008,2009,22,29,6,March,3,2009,4,C,1
2008-09,2008,2009,23,31,7,April,4,2009,1,C,1
2008-09,2008,2009,24,32,7,April,4,2009,2,C,1
2008-09,2008,2009,25,33,7,April,4,2009,3,C,1
2008-09,2008,2009,26,34,7,April,4,2009,4,D,0
2008-09,2008,2009,27,36,8,May,5,2009,1,D,0
2007-08,2007,2008,1,7,2,November,11,2007,2,D,0
2007-08,2007,2008,2,8,2,November,11,2007,3,C,1
2007-08,2007,2008,3,9,2,November,11,2007,4,C,1
2007-08,2007,2008,4,11,3,December,12,2007,1,C,1
2007-08,2007,2008,5,12,3,December,12,2007,2,A,3
2007-08,2007,2008,6,13,3,December,12,2007,3,A,3
2007-08,2007,2008,7,14,3,December,12,2007,4,B,2
2007-08,2007,2008,8,15,3,December,12,2007,5,A,3
2007-08,2007,2008,9,16,4,January,1,2008,1,A,3
2007-08,2007,2008,10,17,4,January,1,2008,2,C,1
2007-08,2007,2008,11,18,4,January,1,2008,3,B,2
2007-08,2007,2008,12,19,4,January,1,2008,4,A,3
2007-08,2007,2008,13,21,5,February,2,2008,1,B,2
2007-08,2007,2008,14,22,5,February,2,2008,2,A,3
2007-08,2007,2008,15,23,5,February,2,2008,3,B,2
2007-08,2007,2008,16,24,5,February,2,2008,4,B,2
2007-08,2007,2008,17,26,6,March,3,2008,1,A,3
2007-08,2007,2008,18,27,6,March,3,2008,2,B,2
2007-08,2007,2008,19,28,6,March,3,2008,3,B,2
2007-08,2007,2008,20,29,6,March,3,2008,4,A,3
2007-08,2007,2008,21,30,6,March,3,2008,5,A,3
2007-08,2007,2008,22,31,7,April,4,2008,1,B,2
2007-08,2007,2008,23,32,7,April,4,2008,2,C,1
2007-08,2007,2008,24,33,7,April,4,2008,3,B,2
2007-08,2007,2008,25,34,7,April,4,2008,4,C,1
2007-08,2007,2008,26,36,8,May,5,2008,1,D,0
2006-07,2006,2007,1,8,2,November,11,2006,3,D,0
2006-07,2006,2007,2,9,2,November,11,2006,4,D,0
2006-07,2006,2007,3,11,3,December,12,2006,1,D,0
2006-07,2006,2007,4,12,3,December,12,2006,2,D,0
2006-07,2006,2007,5,13,3,December,12,2006,3,D,0
2006-07,2006,2007,6,14,3,December,12,2006,4,D,0
2006-07,2006,2007,7,15,3,December,12,2006,5,D,0
2006-07,2006,2007,8,16,4,January,1,2007,1,D,0
2006-07,2006,2007,9,17,4,January,1,2007,2,C,1
2006-07,2006,2007,10,18,4,January,1,2007,3,B,2
2006-07,2006,2007,11,19,4,January,1,2007,4,B,2
2006-07,2006,2007,12,21,5,February,2,2007,1,B,2
2006-07,2006,2007,13,22,5,February,2,2007,2,A,3
2006-07,2006,2007,14,23,5,February,2,2007,3,A,3
2006-07,2006,2007,15,24,5,February,2,2007,4,A,3
2006-07,2006,2007,16,26,6,March,3,2007,1,A,3
2006-07,2006,2007,17,27,6,March,3,2007,2,B,2
2006-07,2006,2007,18,28,6,March,3,2007,3,A,3
2006-07,2006,2007,19,29,6,March,3,2007,4,B,2
2006-07,2006,2007,20,30,6,March,3,2007,5,B,2
2006-07,2006,2007,21,31,7,April,4,2007,1,A,3
2006-07,2006,2007,22,32,7,April,4,2007,2,A,3
2006-07,2006,2007,23,33,7,April,4,2007,3,B,2
2006-07,2006,2007,24,34,7,April,4,2007,4,D,0
2006-07,2006,2007,25,36,8,May,5,2007,1,C,1
2005-06,2005,2006,1,5,1,October,10,2005,5,B,2
2005-06,2005,2006,2,8,2,November,11,2005,3,D,0
2005-06,2005,2006,3,9,2,November,11,2005,4,D,0
2005-06,2005,2006,4,11,3,December,12,2005,1,D,0
2005-06,2005,2006,5,12,3,December,12,2005,2,C,1
2005-06,2005,2006,6,13,3,December,12,2005,3,C,1
2005-06,2005,2006,7,14,3,December,12,2005,4,B,2
2005-06,2005,2006,8,16,4,January,1,2006,1,C,1
2005-06,2005,2006,9,17,4,January,1,2006,2,C,1
2005-06,2005,2006,10,18,4,January,1,2006,3,C,1
2005-06,2005,2006,11,19,4,January,1,2006,4,B,2
2005-06,2005,2006,12,20,4,January,1,2006,5,A,3
2005-06,2005,2006,13,21,5,February,2,2006,1,B,2
2005-06,2005,2006,14,22,5,February,2,2006,2,B,2
2005-06,2005,2006,15,23,5,February,2,2006,3,A,3
2005-06,2005,2006,16,24,5,February,2,2006,4,A,3
2005-06,2005,2006,17,26,6,March,3,2006,1,A,3
2005-06,2005,2006,18,27,6,March,3,2006,2,C,1
2005-06,2005,2006,19,28,6,March,3,2006,3,C,1
2005-06,2005,2006,20,29,6,March,3,2006,4,C,1
2005-06,2005,2006,21,31,7,April,4,2006,1,C,1
2005-06,2005,2006,22,32,7,April,4,2006,2,C,1
2005-06,2005,2006,23,33,7,April,4,2006,3,C,1
2005-06,2005,2006,24,34,7,April,4,2006,4,D,0
2005-06,2005,2006,25,35,7,April,4,2006,5,D,0
2004-05,2004,2005,1,7,2,November,11,2004,2,D,0
2004-05,2004,2005,2,8,2,November,11,2004,3,D,0
2004-05,2004,2005,3,9,2,November,11,2004,4,D,0
2004-05,2004,2005,4,11,3,December,12,2004,1,D,0
2004-05,2004,2005,5,12,3,December,12,2004,2,C,1
2004-05,2004,2005,6,13,3,December,12,2004,3,B,2
2004-05,2004,2005,7,14,3,December,12,2004,4,C,1
2004-05,2004,2005,8,16,4,January,1,2005,1,C,1
2004-05,2004,2005,9,17,4,January,1,2005,2,C,1
2004-05,2004,2005,10,18,4,January,1,2005,3,C,1
2004-05,2004,2005,11,19,4,January,1,2005,4,B,2
2004-05,2004,2005,12,20,4,January,1,2005,5,C,1
2004-05,2004,2005,13,21,5,February,2,2005,1,B,2
2004-05,2004,2005,14,22,5,February,2,2005,2,A,3
2004-05,2004,2005,15,23,5,February,2,2005,3,A,3
2004-05,2004,2005,16,24,5,February,2,2005,4,A,3
2004-05,2004,2005,17,26,6,March,3,2005,1,A,3
2004-05,2004,2005,18,27,6,March,3,2005,2,A,3
2004-05,2004,2005,19,28,6,March,3,2005,3,B,2
2004-05,2004,2005,20,29,6,March,3,2005,4,B,2
2004-05,2004,2005,21,31,7,April,4,2005,1,C,1
2004-05,2004,2005,22,32,7,April,4,2005,2,C,1
2004-05,2004,2005,23,33,7,April,4,2005,3,D,0
2004-05,2004,2005,24,34,7,April,4,2005,4,D,0
2004-05,2004,2005,25,35,7,April,4,2005,5,D,0
2004-05,2004,2005,26,36,8,May,5,2005,1,D,0
2004-05,2004,2005,27,37,8,May,5,2005,2,D,0
2003-04,2003,2004,1,7,2,November,11,2003,2,D,0
2003-04,2003,2004,2,8,2,November,11,2003,3,D,0
2003-04,2003,2004,3,9,2,November,11,2003,4,D,0
2003-04,2003,2004,4,10,2,November,11,2003,5,D,0
2003-04,2003,2004,5,11,3,December,12,2003,1,B,2
2003-04,2003,2004,6,12,3,December,12,2003,2,C,1
2003-04,2003,2004,7,13,3,December,12,2003,3,B,2
2003-04,2003,2004,8,14,3,December,12,2003,4,B,2
2003-04,2003,2004,9,16,4,January,1,2004,1,R,0
2003-04,2003,2004,10,17,4,January,1,2004,2,C,1
2003-04,2003,2004,11,18,4,January,1,2004,3,C,1
2003-04,2003,2004,12,19,4,January,1,2004,4,B,2
2003-04,2003,2004,13,21,5,February,2,2004,1,B,2
2003-04,2003,2004,14,22,5,February,2,2004,2,A,3
2003-04,2003,2004,15,23,5,February,2,2004,3,A,3
2003-04,2003,2004,16,24,5,February,2,2004,4,A,3
2003-04,2003,2004,17,25,5,February,2,2004,5,B,2
2003-04,2003,2004,18,26,6,March,3,2004,1,C,1
2003-04,2003,2004,19,27,6,March,3,2004,2,B,2
2003-04,2003,2004,20,28,6,March,3,2004,3,A,3
2003-04,2003,2004,21,29,6,March,3,2004,4,C,1
2003-04,2003,2004,22,31,7,April,4,2004,1,C,1
2003-04,2003,2004,23,32,7,April,4,2004,2,C,1
2003-04,2003,2004,24,33,7,April,4,2004,3,C,1
2003-04,2003,2004,25,34,7,April,4,2004,4,D,0
2003-04,2003,2004,26,36,8,May,5,2004,1,D,0
2003-04,2003,2004,27,37,8,May,5,2004,2,D,0
2002-03,2002,2003,1,5,1,October,10,2002,5,D,0
2002-03,2002,2003,2,6,2,November,11,2002,1,C,1
2002-03,2002,2003,3,7,2,November,11,2002,2,C,1
2002-03,2002,2003,4,8,2,November,11,2002,3,D,0
2002-03,2002,2003,5,9,2,November,11,2002,4,C,1
2002-03,2002,2003,6,10,2,November,11,2002,5,B,2
2002-03,2002,2003,7,11,3,December,12,2002,1,B,2
2002-03,2002,2003,8,12,3,December,12,2002,2,A,3
2002-03,2002,2003,9,13,3,December,12,2002,3,B,2
2002-03,2002,2003,10,14,3,December,12,2002,4,A,3
2002-03,2002,2003,11,16,4,January,1,2003,1,A,3
2002-03,2002,2003,12,17,4,January,1,2003,2,A,3
2002-03,2002,2003,13,18,4,January,1,2003,3,A,3
2002-03,2002,2003,14,19,4,January,1,2003,4,B,2
2002-03,2002,2003,15,21,5,February,2,2003,1,A,3
2002-03,2002,2003,16,22,5,February,2,2003,2,A,3
2002-03,2002,2003,17,23,5,February,2,2003,3,B,2
2002-03,2002,2003,18,24,5,February,2,2003,4,B,2
2002-03,2002,2003,19,26,6,March,3,2003,1,B,2
2002-03,2002,2003,20,27,6,March,3,2003,2,B,2
2002-03,2002,2003,21,28,6,March,3,2003,3,B,2
2002-03,2002,2003,22,29,6,March,3,2003,4,C,1
2002-03,2002,2003,23,30,6,March,3,2003,5,C,1
2002-03,2002,2003,24,31,7,April,4,2003,1,B,2
2002-03,2002,2003,25,32,7,April,4,2003,2,C,1
2002-03,2002,2003,26,33,7,April,4,2003,3,C,1
2002-03,2002,2003,27,34,7,April,4,2003,4,D,0
2002-03,2002,2003,28,36,8,May,5,2003,1,D,0
2002-03,2002,2003,29,37,8,May,5,2003,2,D,0
2002-03,2002,2003,30,38,8,May,5,2003,3,D,0
2002-03,2002,2003,31,39,8,May,5,2003,4,D,0
2001-02,2001,2002,1,7,2,November,11,2001,2,D,0
2001-02,2001,2002,2,8,2,November,11,2001,3,D,0
2001-02,2001,2002,3,9,2,November,11,2001,4,D,0
2001-02,2001,2002,4,10,2,November,11,2001,5,D,0
2001-02,2001,2002,5,11,3,December,12,2001,1,D,0
2001-02,2001,2002,6,12,3,December,12,2001,2,D,0
2001-02,2001,2002,7,13,3,December,12,2001,3,D,0
2001-02,2001,2002,8,14,3,December,12,2001,4,C,1
2001-02,2001,2002,9,15,3,December,12,2001,5,C,1
2001-02,2001,2002,10,16,4,January,1,2002,1,B,2
2001-02,2001,2002,11,17,4,January,1,2002,2,A,3
2001-02,2001,2002,12,18,4,January,1,2002,3,A,3
2001-02,2001,2002,13,19,4,January,1,2002,4,B,2
2001-02,2001,2002,14,21,5,February,2,2002,1,C,1
2001-02,2001,2002,15,22,5,February,2,2002,2,C,1
2001-02,2001,2002,16,23,5,February,2,2002,3,C,1
2001-02,2001,2002,17,24,5,February,2,2002,4,C,1
2001-02,2001,2002,18,26,6,March,3,2002,1,C,1
2001-02,2001,2002,19,27,6,March,3,2002,2,D,0
2001-02,2001,2002,20,28,6,March,3,2002,3,C,1
2001-02,2001,2002,21,29,6,March,3,2002,4,A,3
2001-02,2001,2002,22,30,6,March,3,2002,5,B,2
2001-02,2001,2002,23,31,7,April,4,2002,1,B,2
2001-02,2001,2002,24,32,7,April,4,2002,2,C,1
2001-02,2001,2002,25,33,7,April,4,2002,3,D,0
2001-02,2001,2002,26,34,7,April,4,2002,4,D,0
2001-02,2001,2002,27,36,8,May,5,2002,1,D,0
2001-02,2001,2002,28,37,8,May,5,2002,2,D,0
2001-02,2001,2002,29,38,8,May,5,2002,3,D,0
2001-02,2001,2002,30,39,8,May,5,2002,4,D,0
2001-02,2001,2002,31,40,8,May,5,2002,5,D,0
2000-01,2000,2001,1,5,1,October,10,2000,5,D,0
2000-01,2000,2001,2,7,2,November,11,2000,2,D,0
2000-01,2000,2001,3,8,2,November,11,2000,3,D,0
2000-01,2000,2001,4,9,2,November,11,2000,4,D,0
2000-01,2000,2001,5,10,2,November,11,2000,5,C,1
2000-01,2000,2001,6,11,3,December,12,2000,1,C,1
2000-01,2000,2001,7,12,3,December,12,2000,2,B,2
2000-01,2000,2001,8,13,3,December,12,2000,3,C,1
2000-01,2000,2001,9,14,3,December,12,2000,4,A,3
2000-01,2000,2001,10,15,3,December,12,2000,5,A,3
2000-01,2000,2001,11,16,4,January,1,2001,1,A,3
2000-01,2000,2001,12,17,4,January,1,2001,2,A,3
2000-01,2000,2001,13,18,4,January,1,2001,3,A,3
2000-01,2000,2001,14,19,4,January,1,2001,4,A,3
2000-01,2000,2001,15,21,5,February,2,2001,1,A,3
2000-01,2000,2001,16,22,5,February,2,2001,2,C,1
2000-01,2000,2001,17,23,5,February,2,2001,3,A,3
2000-01,2000,2001,18,24,5,February,2,2001,4,A,3
2000-01,2000,2001,19,26,6,March,3,2001,1,A,3
2000-01,2000,2001,20,27,6,March,3,2001,2,A,3
2000-01,2000,2001,21,28,6,March,3,2001,3,B,2
2000-01,2000,2001,22,29,6,March,3,2001,4,A,3
2000-01,2000,2001,23,30,6,March,3,2001,5,A,3
2000-01,2000,2001,24,31,7,April,4,2001,1,B,2
2000-01,2000,2001,25,32,7,April,4,2001,2,B,2
2000-01,2000,2001,26,33,7,April,4,2001,3,B,2
2000-01,2000,2001,27,34,7,April,4,2001,4,C,1
2000-01,2000,2001,28,36,8,May,5,2001,1,D,0
2000-01,2000,2001,29,37,8,May,5,2001,2,D,0
2000-01,2000,2001,30,38,8,May,5,2001,3,D,0
2000-01,2000,2001,31,39,8,May,5,2001,4,D,0
1999-00,1999,2000,1,5,1,October,10,1999,5,D,0
1999-00,1999,2000,2,7,2,November,11,1999,2,D,0
1999-00,1999,2000,3,8,2,November,11,1999,3,D,0
1999-00,1999,2000,4,9,2,November,11,1999,4,C,1
1999-00,1999,2000,5,10,2,November,11,1999,5,D,0
1999-00,1999,2000,6,11,3,December,12,1999,1,D,0
1999-00,1999,2000,7,12,3,December,12,1999,2,D,0
1999-00,1999,2000,8,13,3,December,12,1999,3,C,1
1999-00,1999,2000,9,14,3,December,12,1999,4,C,1
1999-00,1999,2000,10,16,4,January,1,2000,1,C,1
1999-00,1999,2000,11,17,4,January,1,2000,2,C,1
1999-00,1999,2000,12,18,4,January,1,2000,3,B,2
1999-00,1999,2000,13,19,4,January,1,2000,4,B,2
1999-00,1999,2000,14,20,4,January,1,2000,5,A,3
1999-00,1999,2000,15,21,5,February,2,2000,1,A,3
1999-00,1999,2000,16,22,5,February,2,2000,2,A,3
1999-00,1999,2000,17,23,5,February,2,2000,3,A,3
1999-00,1999,2000,18,24,5,February,2,2000,4,B,2
1999-00,1999,2000,19,26,6,March,3,2000,1,B,2
1999-00,1999,2000,20,27,6,March,3,2000,2,B,2
1999-00,1999,2000,21,28,6,March,3,2000,3,B,2
1999-00,1999,2000,22,29,6,March,3,2000,4,C,1
1999-00,1999,2000,23,31,7,April,4,2000,1,C,1
1999-00,1999,2000,24,32,7,April,4,2000,2,B,2
1999-00,1999,2000,25,33,7,April,4,2000,3,C,1
1999-00,1999,2000,26,34,7,April,4,2000,4,C,1
1999-00,1999,2000,27,35,7,April,4,2000,5,C,1
1999-00,1999,2000,28,36,8,May,5,2000,1,D,0
1999-00,1999,2000,29,37,8,May,5,2000,2,D,0
1999-00,1999,2000,30,38,8,May,5,2000,3,D,0
1999-00,1999,2000,31,39,8,May,5,2000,4,D,0
